Surname,FirstName,Salary(Â£)
Holmes,Andrea,27131
Guzman,Brielle,21197
Parker,Julia,30502
Chavez,Allison,51805
Woods,Sara,42155
Carpenter,Lillian,42155
Hunter,Camila,22662
Bryant,Brooklyn,21197
Woods,Aaliyah,46047
Cox,Sydney,34308
Barnes,Savannah,30502
Lopez,Arabella,20400
Morris,Lila,26396
Brown,Ada,26396
Hughes,Oakley,19863
Perkins,Phoebe,60027
Duncan,Bella,19333
Gomez,Amy,51805
Bailey,Lila,21630
Adams,Clara,36386
Campbell,Mariana,46047
Lopez,Maya,28762
Gray,Everly,19578
Herrera,Madeline,19863
Hansen,Cora,32348
Rivera,Lyla,20400
Alexander,Andrea,42155
Ward,Maria,42155
Bishop,Aria,42155
Simmons,Arya,46047
Burns,Julia,21197
Meyer,Raelynn,31411
Evans,Georgia,58284
Pierce,Addison,32348
Carr,Adalyn,27929
Hernandez,Melanie,23144
Hoffman,Brielle,46047
Myers,Blake,24948
Cole,Genevieve,19863
Ruiz,Eloise,30502
Perry,Alina,20761
Hunt,Selena,26396
Wallace,Octavia,48841
Ramos,Alana,40931
Coleman,Lucia,30502
Mcdonald,Vera,32348
Rivera,Nevaeh,19333
Morris,Aspen,20134
Hall,Sienna,19863
Garcia,Jade,39745
Rodriguez,Emery,35333
Vasquez,Violet,53353
Parker,Mariana,35333
Hayes,Mia,25642
Harris,Layla,31411
Rogers,Valeria,26396
Brooks,Margot,24948
Gutierrez,Taylor,25642
Duncan,Remi,35333
Gonzalez,Andrea,53353
Patterson,Rachel,30502
Carroll,Blake,44737
Pierce,Piper,40931
Collins,Bella,50300
Ryan,Alice,58284
Carter,Eva,47423
Howell,Parker,32348
Perry,Kaylee,42155
Mcdonald,Mila,34308
Watson,Sofia,24285
Knight,Laila,19333
Mendez,Ruth,22662
Perry,Penelope,34308
James,Alana,58284
Bailey,Diana,20134
Rodriguez,Alana,21630
Morgan,Andrea,34308
Austin,Kehlani,46047
Green,Victoria,19578
Owens,Amelia,27131
Hart,Adeline,28762
Robertson,Parker,60027
Gutierrez,Lila,22149
Roberts,Phoebe,20134
Mendoza,Maria,22149
Meyer,Emily,40931
Williamson,Riley,21197
Nichols,Zara,20400
Wagner,Isabella,22149
Cole,Raelynn,25642
Ferguson,Aubrey,35333
Lawson,Emerson,42155
Black,Taylor,21197
Simmons,Molly,44737
Oliver,Lilah,22662
Wright,Rosalie,20761
Franklin,Mary,38592
Freeman,Blakely,25642
Myers,Parker,42155
Ray,Harlow,22662
Hughes,Piper,37474
Bishop,Lillian,46047
Harris,Adalynn,44737
Webb,Hannah,23144
Thompson,Eleanor,20134
Simpson,Juliette,43414
Scott,Jade,40931
Edwards,Brynlee,43414
Webb,Adeline,56592
Jensen,Juniper,56592
Kim,Josie,25642
Lawson,Ariella,31411
Patel,Hannah,21197
Knight,Valeria,19578
Murphy,Lucy,29619
James,Emily,28762
Watkins,Lila,39745
Dixon,Hannah,27131
Obrien,Victoria,22662
Taylor,Ariana,37474
Evans,Anastasia,28762
Wilson,Katherine,25642
Snyder,Everleigh,19578
Austin,Rosalie,31411
Ryan,Lucy,24948
Hayes,Quinn,38592
Guzman,Alaia,20400
Garcia,Savannah,27131
Lawson,Victoria,53353
Rogers,Alyssa,27929
Gutierrez,Valentina,42155
Stewart,Rachel,37474
Cox,Penelope,48841
Black,Evelyn,20761
Stevens,Amira,21197
Aguilar,Scarlett,30502
Romero,Georgia,30502
Andrews,Paisley,21197
Harrison,Emerson,40931
Moreno,Callie,21197
Romero,Iris,56592
Richards,Peyton,31411
Roberts,Samantha,37474
Harvey,Phoebe,42155
Cox,Eleanor,63673
Hart,Addison,35333
Clark,Emery,24948
James,Avery,19863
Perez,Summer,21630
Cole,Magnolia,21630
Cox,Callie,27929
Fernandez,Peyton,22662
Burns,Georgia,36386
Woods,Ivy,25642
Gomez,Ariana,21197
Gonzalez,Alana,20761
Watson,Everleigh,38592
Lynch,Alina,23144
Kelley,Madeline,27929
Brown,River,21630
Sanders,Rose,30502
Nguyen,Elise,19333
Harris,Parker,21197
Tucker,Alana,36386
Gonzalez,Bella,31411
Kelly,Arianna,26396
Ellis,Athena,37474
Chavez,Faith,19333
Hughes,Arabella,28762
Flores,River,23144
Simmons,Rose,19863
Chavez,Alaina,36386
Holmes,Ada,23144
Schmidt,Lucia,40931
Bradley,Oaklynn,20761
Kennedy,Sydney,23715
Cunningham,Charlotte,37474
Mitchell,Kimberly,27929
Armstrong,Peyton,28762
George,Eleanor,43414
Jimenez,Nora,42155
Berry,Autumn,27131
Young,Allison,42155
Williamson,Sydney,19578
Mitchell,Natalie,25642
Cunningham,Mia,61823
Herrera,Maya,28762
Patel,Audrey,25642
Berry,Emma,19333
Ellis,Adalyn,20134
West,Scarlett,27929
Pierce,Anna,26396
Morgan,Ariella,24285
Allen,Kimberly,20761
Williamson,Eliana,21197
Nelson,Penelope,26396
Edwards,Victoria,38592
Gomez,Skylar,37474
Price,Natalia,27131
Harvey,Isabel,36386
Vargas,Lila,24948
Howard,Eliza,20400
Kim,Josephine,24285
King,Autumn,35333
Green,Ariella,30502
Wagner,Angela,25642
Wright,Emery,20761
Stephens,Zoe,19578
Jimenez,Gabriella,20134
Payne,Audrey,20761
George,Angela,28762
Ray,Brianna,21630
White,Valentina,54949
Crawford,Alani,20400
Baker,Ximena,19863
Lynch,Juliana,22149
Long,Alina,19863
Wells,Remi,43414
Carpenter,Alyssa,35333
Gibson,Raelynn,20400
Howell,Abigail,20400
Smith,Marley,21197
Mendoza,Addison,19863
Myers,Everleigh,21197
Woods,Madison,22662
Ward,Norah,20400
Dunn,Taylor,23144
Lewis,Delilah,43414
Powell,Charlie,40931
Hernandez,Elena,51805
Hunt,Magnolia,46047
Williams,Sawyer,33314
Watson,Margaret,38592
Ray,Willow,19333
Romero,Hazel,27131
Watkins,Hailey,35333
Fox,Ember,20134
Kelley,Ashley,21197
Castro,Evelyn,23715
Webb,Gracie,19333
Daniels,Kehlani,30502
Lawson,Grace,33314
Harper,Layla,22662
Porter,Faith,35333
Crawford,Raelynn,21197
Austin,Alani,44737
Jenkins,Ryleigh,50300
Alvarez,Lilah,30502
Harvey,Isabel,32348
Smith,Sawyer,34308
Stone,Ember,36386
Rogers,Melanie,24948
Rodriguez,Willow,43414
Rodriguez,Madeline,20761
Armstrong,Jasmine,39745
Cole,Summer,51805
Dunn,Aria,36386
Martinez,Brooklyn,34308
Parker,Alaia,32348
Black,Rose,26396
Bailey,Jasmine,22149
Wood,Willow,29619
Williamson,Claire,27131
Harrison,Rosalie,23715
Ferguson,Ava,42155
Richardson,Emilia,47423
Marshall,Naomi,21197
Franklin,Elliana,19333
Thompson,Hazel,26396
Kelly,Isla,20761
Hansen,Alani,48841
Berry,Oakley,19333
Hamilton,Arianna,32348
Cox,Madison,20134
Hunter,Rosalie,20761
Larson,Katherine,23144
Perkins,Aurora,19863
Willis,Vera,27929
Gomez,Bella,22149
Campbell,Annie,21197
Lane,Sophie,29619
Reed,Avery,27929
Burke,Alexandra,33314
Elliott,Daisy,21197
Burke,Oakley,38592
Palmer,Rosalie,23144
Nichols,Josephine,19333
Hughes,Londyn,20761
Garza,Alaia,20400
Simmons,Adelyn,27929
Carter,Finley,32348
Hughes,Charlie,21630
Reynolds,Arianna,19333
Spencer,Emerson,42155
Ray,Harlow,21630
Garcia,Nevaeh,20134
Boyd,Eden,27131
Pierce,Alina,32348
Jacobs,Amelia,24948
Sanchez,Catalina,51805
Burke,Alina,28762
Peterson,Samantha,36386
Burke,Adalynn,27131
Ramirez,Melanie,25642
Hayes,Ariana,44737
Stephens,Vera,50300
Simmons,Penelope,26396
Guzman,Emilia,19578
Robinson,Luna,35333
Richards,Kimberly,20134
Mitchell,Olivia,20134
Stephens,Magnolia,25642
Mitchell,Amaya,27131
Patel,Gabriella,37474
Carpenter,Aliyah,65578
Aguilar,Marley,21197
Kelly,Sloane,39745
Wheeler,Margot,27929
Armstrong,Gracie,22149
Gordon,Ava,26396
Butler,Kaylee,44737
Fernandez,Layla,36386
Palmer,Zara,20134
King,Melanie,44737
Weaver,Ashley,28762
Collins,Valentina,22662
Robinson,Catalina,36386
Cox,Alina,20400
Davis,Amara,24948
Harvey,Valentina,44737
Robertson,Harlow,21197
Warren,Zara,19333
Hamilton,Emilia,20761
Turner,Diana,50300
Anderson,Josie,20134
Ferguson,Georgia,58284
Simpson,Rylee,19578
Smith,Aaliyah,23144
Jones,Aubree,21630
Cruz,Ava,19863
Patel,Athena,43414
Mills,Alani,19863
Henderson,Skylar,22662
Collins,Anastasia,30502
Duncan,Skylar,22149
Torres,Layla,23715
Fox,Alaina,35333
Jimenez,Georgia,20400
Salazar,Aubree,27131
Riley,Morgan,40931
Morales,Faith,22662
Palmer,Zuri,20134
Morris,Skylar,21197
Jackson,Lyla,29619
Price,Alana,20134
Jensen,Taylor,32348
Austin,Lilly,20134
Green,Zoey,34308
Torres,Arianna,31411
Campbell,Kehlani,42155
Stone,Autumn,60027
Bennett,June,31411
Sullivan,Margot,35333
Garcia,Nora,32348
Willis,Kehlani,24285
Dunn,Faith,43414
Smith,Eva,56592
Wood,Maya,27131
Diaz,Arya,42155
Johnson,Finley,30502
Hughes,Lyla,34308
Nguyen,Callie,25642
Lynch,Juliette,27131
Ellis,Hadley,21630
Wright,Eleanor,38592
Greene,Valerie,40931
Hawkins,Lucia,28762
Daniels,Aubrey,27929
Carr,Melody,25642
Roberts,Amy,36386
Dunn,Piper,35333
Hayes,Leilani,27929
Salazar,Harper,19578
Dean,Valentina,36386
West,Juliana,20761
Weaver,Oaklynn,25642
Matthews,Adalynn,38592
Harrison,Genesis,22662
Garza,Nora,44737
Bryant,Zuri,32348
Carroll,Hope,20134
Green,Elsie,22149
Salazar,Leah,20761
Hernandez,Laila,53353
Mitchell,Brianna,22662
Fisher,Vivian,31411
Jenkins,Phoebe,19863
Tucker,Lennon,32348
Castro,Gemma,33314
Adams,Sienna,60027
Kelly,Bailey,21197
King,Hope,24948
Webb,Nova,27929
Riley,Addison,53353
Garcia,Lillian,23715
Nichols,Lilah,23715
Austin,Zuri,33314
Nelson,Raelynn,31411
Simpson,Sofia,39745
Ramos,Harmony,43414
Palmer,Zoe,20134
Bailey,Vera,34308
Miller,Marley,19863
Robertson,Zoey,22662
Guzman,Evelyn,35333
Garza,Nova,44737
Bennett,Samantha,44737
Murphy,Emilia,51805
Meyer,Autumn,24285
Dixon,Kimberly,26396
Fernandez,Olivia,24285
Hansen,Vera,30502
King,Jasmine,22662
Burke,Laila,19578
Williamson,Journee,23715
Oliver,Lila,34308
Adams,Kennedy,56592
Patel,Kylie,21197
Flores,Vera,48841
Mcdonald,Callie,31411
Jackson,Gabriella,35333
Mason,Emersyn,27929
Moreno,Blakely,38592
Medina,Daisy,43414
Mills,Aspen,36386
Myers,Nevaeh,29619
Morris,Scarlett,26396
Sullivan,Ariella,39745
Oliver,Daisy,21630
Hudson,Paisley,51805
Stevens,Naomi,48841
Clark,Aurora,36386
Walker,Remi,26396
Obrien,Katherine,37474
Brown,Ariel,27929
Bishop,Elliana,21197
Nguyen,Arabella,27929
Stevens,Amara,39745
Parker,Kennedy,27131
Diaz,Rachel,23144
Smith,Blake,20761
Hamilton,Margot,32348
Dean,Lydia,19333
Moore,Chloe,20134
Roberts,Camila,23715
Daniels,Layla,42155
Hoffman,Gianna,26396
Hoffman,Ada,23715
Johnston,Eden,33314
Moore,Sadie,34308
Alexander,Cecilia,32348
Wilson,Sarah,54949
Patel,Avery,40931
Diaz,Arianna,23144
Howell,Freya,23715
Larson,Addison,40931
Hall,Serenity,30502
Fisher,Reese,24948
Weaver,Brooklyn,53353
Rogers,Victoria,51805
Ruiz,Liliana,42155
Simpson,Hailey,27131
Moore,Gabriella,26396
Webb,Anastasia,29619
Griffin,Hadley,26396
Andrews,Amara,33314
Walker,Ximena,24285
Ward,Diana,21197
Barnes,Eliza,22662
Martinez,Amira,56592
Powell,Anastasia,30502
Wood,Harlow,22662
Allen,Alani,20761
Montgomery,Taylor,35333
Peterson,Georgia,38592
Bradley,Caroline,20400
Reed,Remi,19863
Wheeler,Isabel,22662
Garcia,Skylar,29619
Gibson,Millie,34308
Coleman,Rose,24948
Hughes,Hannah,44737
Kelley,Journee,40931
Reyes,Scarlett,33314
Schmidt,Alani,44737
Carr,Quinn,33314
Wilson,Ashley,19578
Harris,Ashley,32348
White,Everleigh,43414
Wright,Nova,25642
Vargas,Emma,23715
Freeman,Sydney,38592
Hansen,Vivian,27131
Hudson,Margaret,32348
Bell,Blakely,19333
Lee,Isla,19333
Carpenter,Melanie,20761
Evans,June,39745
Garcia,Elliana,40931
Green,Khloe,24285
Lewis,Emerson,44737
Garcia,Harlow,22662
Jacobs,Luna,23144
Harper,Melanie,38592
Warren,Khloe,48841
Wallace,Aliyah,65578
Hunt,Liliana,43414
Moore,Everleigh,46047
George,Cecilia,37474
Robinson,Eliana,20400
Walker,Jasmine,19863
Allen,Kehlani,20400
Nelson,Victoria,28762
Reed,Margot,38592
Adams,Ashley,27131
Burns,Ada,28762
Bradley,Melody,48841
Brooks,Ember,40931
Jacobs,Elise,40931
Jacobs,Elliana,33314
Garza,Freya,28762
Lane,Alani,25642
Duncan,Evangeline,29619
Knight,Ximena,24948
Burns,Finley,27929
Richardson,Khloe,40931
Hunt,Madeline,26396
Martinez,Amara,28762
Rose,Alana,20134
Williams,Liliana,20134
Vargas,Aria,44737
Reynolds,Selena,42155
Hawkins,Valerie,31411
Vasquez,Ariella,40931
Rice,London,24948
Baker,Stella,38592
Bailey,Melanie,51805
Clark,Samantha,31411
George,Skylar,28762
Hughes,Madelyn,19333
Sanders,Gianna,19333
Bishop,Scarlett,43414
Alexander,Anastasia,22149
Alexander,Harmony,32348
Matthews,Ember,51805
Bell,Isabelle,23144
Alvarez,Lucy,54949
Johnston,Luna,30502
Chavez,Eleanor,33314
Guzman,Penelope,20134
Meyer,Hailey,21197
Berry,Emery,48841
Rodriguez,Catalina,27929
Collins,Aliyah,19578
Obrien,Adalyn,43414
Jimenez,Ruth,35333
Ryan,Brielle,33314
Hall,Brooklyn,27131
Hill,Sadie,22149
Silva,Harper,22149
Hawkins,Rose,38592
Pierce,Zoe,22149
Foster,Catalina,24285
Gardner,Sawyer,27929
Meyer,Olive,50300
Taylor,Maeve,22149
Lawson,Julia,40931
Kelly,Eliana,35333
Bryant,Gemma,19578
Rodriguez,Ariana,19578
Cook,Savannah,20400
Sullivan,Hannah,65578
Carroll,Sofia,26396
Gibson,Brielle,26396
Myers,Emery,53353
Riley,Ivy,27131
Vasquez,Charlotte,23715
Kim,Cora,31411
Carroll,Norah,27929
Weaver,Freya,22149
Mendoza,Kaylee,28762
Daniels,Amelia,19333
Aguilar,Sophia,56592
Lee,Elise,27131
Rice,Margot,24948
Alexander,Josie,20400
Bradley,Iris,20400
Franklin,Rosalie,24285
Larson,Layla,47423
Harris,Molly,54949
Castro,Mackenzie,63673
Cox,Arianna,38592
Graham,Lucia,29619
Wagner,Abigail,35333
Peters,Lilly,23715
Medina,Gemma,22662
Howell,Brooklyn,24948
Dean,Journee,39745
Spencer,Noelle,60027
Kim,Cora,37474
Ward,Julia,34308
Reyes,Josephine,19333
Burns,Callie,54949
Carr,Brielle,20400
Rose,Morgan,37474
Stone,Savannah,19578
Vargas,Hadley,27131
Holmes,Blake,33314
Vasquez,Reagan,34308
Sullivan,Isabel,40931
Vargas,Kaylee,27131
Cruz,Allison,63673
Ramirez,Willow,26396
Boyd,Victoria,21197
Carroll,Ember,19863
Gonzales,Elena,21630
Rivera,Rowan,25642
Wallace,Amara,24285
Johnston,Delilah,19333
Hamilton,Isla,19333
Jacobs,Alaia,20761
Ellis,Ayla,38592
Gilbert,Alani,29619
Morrison,Quinn,48841
Lopez,Serenity,27929
Kelly,Emery,23144
Mendez,Rosalie,24285
Parker,Molly,22149
Ray,Juliette,27929
Tran,Lilly,22149
Andrews,Rylee,56592
Rivera,Jade,20400
Bailey,Violet,40931
Peters,Serenity,31411
Sanders,Madelyn,24948
Bennett,Ariella,39745
Morales,Quinn,25642
Hunter,Kimberly,22662
Gibson,Daisy,35333
Wright,Daisy,30502
Ellis,Genevieve,22662
Wood,Iris,20134
Meyer,Emery,26396
Hawkins,Sarah,23144
Hudson,Finley,46047
Jones,Lucia,22662
Hudson,Zoey,20134
Miller,Adelyn,61823
Wood,Olivia,23144
Thomas,Peyton,20761
Patel,Aubree,20134
Robinson,Rose,37474
Torres,Layla,28762
Gordon,Allison,34308
Cruz,Alina,22149
Larson,Serenity,23715
Price,Liliana,22662
Peters,Kinsley,25642
Peterson,Rowan,32348
Ortiz,Eliana,29619
Gordon,Oakley,20761
Garcia,Iris,26396
Bryant,Lucia,20400
Alexander,Eleanor,20134
Woods,Serenity,26396
Burke,Marley,40931
Howell,Hailey,39745
Nelson,Quinn,20400
Obrien,Ana,19333
Warren,Ember,21197
Patel,Aspen,19333
Edwards,Aspen,36386
Williamson,Allison,19863
Scott,Magnolia,53353
Carlson,Hazel,21197
Palmer,Lucy,47423
Richardson,Phoebe,24285
Baker,Ariel,27131
Bishop,Esther,44737
Wagner,Elizabeth,27929
Scott,London,58284
Williamson,Marley,29619
Wilson,Khloe,19333
Cunningham,Harlow,35333
Hicks,Rowan,20134
Rivera,Blakely,24948
Howell,Alaia,35333
Smith,Stella,31411
Reed,Evelyn,42155
Green,Zoe,37474
Wilson,Abigail,25642
Moreno,Kehlani,32348
Lawson,Millie,25642
Ruiz,Bailey,34308
Roberts,Chloe,23715
Baker,Sadie,58284
Johnson,Marley,20400
Meyer,Cecilia,43414
Burke,Peyton,40931
Harper,Millie,39745
Price,Emersyn,27131
Holmes,Riley,30502
Adams,Elliana,46047
Bishop,Eleanor,23715
Sullivan,Chloe,56592
Arnold,Savannah,19578
Griffin,Naomi,25642
Marshall,Peyton,21197
Bryant,Marley,39745
Lynch,Clara,19578
Castro,Genesis,50300
George,Faith,31411
Andrews,Sarah,35333
Bell,Freya,50300
Moreno,Bailey,24948
Kim,Sophie,44737
Hicks,Everly,39745
Castro,Presley,32348
Rose,Alexandra,19333
Stewart,Gemma,30502
Tran,Lennon,21197
Davis,Audrey,22149
Cooper,Ada,21197
Palmer,Raelynn,28762
Cox,Georgia,28762
Nichols,Quinn,19333
Stewart,Myla,42155
Vargas,Caroline,56592
Hunter,Emma,42155
Hughes,Evelyn,33314
Matthews,Esther,20761
Murphy,Khloe,27131
Howell,Hadley,19333
Wright,Eliana,39745
Vargas,Millie,44737
Rose,Brynlee,19578
Webb,Ivy,21630
Wheeler,Angela,58284
Walker,Lyla,21630
Walker,Alyssa,20400
Gilbert,Maya,29619
Mendez,Valentina,37474
Black,Cecilia,38592
Wallace,Bailey,22149
Anderson,Adalynn,19578
Dixon,Leila,21197
Richards,Liliana,32348
Ruiz,Serenity,24285
Olson,Hailey,26396
Greene,Autumn,19333
Mendoza,Claire,19863
Cruz,Alice,54949
Murray,Zuri,20761
West,Harper,21197
Weaver,Daisy,19578
Cruz,Lennon,27131
Kelley,Isla,19578
Ford,Kinsley,19578
Palmer,Ana,32348
Fox,Lilah,20400
Morris,Adalyn,24285
Weaver,Juliana,23715
Gardner,Anastasia,43414
Fisher,Daisy,29619
Perez,Violet,24285
Elliott,Elena,40931
Ortiz,Kinsley,20400
Tucker,Juliette,19863
Cole,Finley,22662
Brown,Elliana,35333
Chavez,Angela,21197
Castillo,Raelynn,35333
Rodriguez,Violet,34308
Ward,Sienna,19578
Rice,Catalina,29619
Mendez,Nora,21630
Johnson,Iris,28762
Bryant,Anna,39745
Owens,Lilly,21630
Johnson,Brooklyn,29619
Silva,Oakley,34308
Carter,Anastasia,43414
Mendoza,Grace,20134
Ford,London,23144
Stone,Bailey,24285
Romero,Eva,31411
Sanchez,Bailey,22149
Scott,Londyn,20400
King,Elena,19863
Johnston,Myla,20400
Carlson,Addison,21197
Adams,Olivia,36386
Porter,Lily,27929
Riley,Kehlani,54949
Peterson,Alana,24285
Foster,Olivia,51805
Bell,Eloise,19333
Ford,Violet,19578
Peterson,Adalynn,19333
Robinson,Brooklyn,20761
Brooks,Kaylee,21630
Powell,Anna,34308
Olson,Elena,19578
Palmer,Chloe,27131
Meyer,Addison,21197
Meyer,Addison,32348
Flores,Georgia,32348
Ford,Noelle,19333
Vasquez,Naomi,37474
Robinson,Blakely,58284
Snyder,Kehlani,20400
Vargas,Kaylee,42155
Barnes,Juniper,28762
Russell,Sutton,31411
George,Remi,32348
Hart,Sienna,47423
Allen,Josie,29619
Owens,Zoey,29619
Perez,Hazel,22662
Ryan,Jasmine,33314
Schmidt,Everly,22149
Munoz,Naomi,19863
Henry,Mackenzie,19863
Cox,Amira,19578
Simpson,Leah,29619
Harper,Angela,34308
Collins,Nyla,54949
Hart,Sutton,37474
Matthews,Juliette,20761
Salazar,Margot,33314
Dean,Natalie,19333
Grant,Reese,19863
Morrison,Marley,30502
Dixon,Nora,38592
Adams,Ana,27131
Nguyen,Elsie,36386
Robertson,Sage,33314
Sanchez,Charlie,39745
Guzman,Genesis,36386
Rogers,Natalia,22149
Nelson,Sutton,20761
Thomas,Khloe,30502
Oliver,Jasmine,19333
Davis,Adelyn,47423
Graham,Lucy,38592
Franklin,Sawyer,27131
Meyer,Ruth,19863
Russell,Juniper,43414
Rice,Lilah,31411
Dunn,Hadley,44737
Carter,Piper,19863
Palmer,Zara,27131
Smith,Jasmine,20761
Carter,Gemma,21630
Ruiz,Sloane,21197
Duncan,Myla,47423
Guzman,Kimberly,50300
Murphy,Mila,19863
Smith,Claire,34308
Hayes,Emery,22662
Ramos,Valeria,27929
Hall,Amara,29619
Spencer,Lila,24285
Roberts,Gemma,43414
Castro,Annie,23715
Perkins,Adalyn,30502
Ellis,Piper,24285
Johnston,Iris,29619
Young,Sloane,21630
Hall,Ada,37474
Parker,Ruth,50300
Ramos,Josephine,27131
Tucker,Eloise,30502
Stevens,Avery,20761
Arnold,Ellie,30502
Rose,Eleanor,53353
Freeman,Paisley,30502
Grant,Elsie,21630
Hudson,Phoebe,24285
Kennedy,Ximena,20400
Harvey,Noelle,51805
Ellis,Mary,36386
West,Nova,19333
Larson,Ruth,34308
Woods,Morgan,33314
Ross,Harlow,32348
Lane,Zoe,20134
Lawrence,Gianna,19863
Martinez,Valerie,26396
Murphy,Andrea,32348
Ward,Hailey,20134
Rivera,Magnolia,21197
Coleman,Layla,24285
Armstrong,Juliette,19333
Ramirez,Aurora,43414
Gutierrez,Zoe,20761
Howell,Lucy,24285
Hughes,Olivia,23715
Long,Melanie,27929
Davis,Evelyn,30502
George,Callie,20134
Patterson,Callie,25642
Stevens,Vivian,47423
Miller,Sadie,25642
Carroll,Lillian,21197
Scott,Eva,31411
Wells,Madelyn,39745
Gutierrez,Blake,33314
Jenkins,Eden,39745
Tucker,Elena,48841
King,Rylee,19578
Payne,Rylee,24948
George,Blake,31411
Alexander,Naomi,38592
Ramirez,Aria,46047
Berry,Ellie,27131
Richardson,Taylor,32348
Phillips,Piper,33314
Robinson,Lila,21630
Jordan,Mia,33314
Carter,Aubree,23715
James,Lila,63673
Kelly,Samantha,22662
Fox,Peyton,20761
Larson,Ariel,54949
Mason,Brynlee,34308
Foster,Valerie,65578
Moore,Blake,27131
Woods,Ruth,36386
Salazar,Millie,44737
Fernandez,Adeline,35333
Grant,Angela,21630
Morgan,Summer,25642
Oliver,Rylee,21630
Hall,Eva,28762
Morris,Penelope,21197
Willis,Angela,54949
Phillips,Parker,20134
Moore,Juliette,26396
Meyer,Lila,27929
Wagner,Isla,28762
Collins,Melody,53353
Palmer,Josie,25642
Burke,Luna,20761
Hoffman,Hailey,44737
Campbell,Adalynn,50300
Castro,Freya,29619
Anderson,Rose,30502
Ray,Audrey,21197
Peters,Emersyn,35333
Chavez,Octavia,34308
Jones,Samantha,19333
Bailey,Sara,24948
Murray,Amaya,65578
Oliver,Josephine,37474
Rodriguez,Autumn,21197
Campbell,Mariana,29619
Taylor,Amaya,24948
Moore,Eliza,40931
Foster,Lilah,40931
Dixon,Hope,35333
Oliver,Violet,20134
Warren,Alaia,34308
Gutierrez,Millie,23144
Salazar,Harper,34308
Watkins,Sienna,21630
Thompson,Emily,21630
Holmes,Naomi,56592
Vargas,Diana,24285
Campbell,Lillian,43414
Webb,Isabella,27929
Taylor,Sienna,47423
Morgan,Juniper,27929
Pierce,Lilah,42155
Harrison,Raelynn,34308
Lynch,Emersyn,29619
Bell,Bella,20134
Perez,Blakely,27131
Owens,Molly,34308
Hart,Molly,35333
Bell,Arabella,24948
Pierce,Zoe,19333
Sanders,Genesis,21197
Clark,Zoe,56592
Robertson,Eloise,24948
Patel,Georgia,53353
Olson,Juliana,19578
Bailey,Madeline,32348
Allen,Valeria,19333
Hernandez,Camila,23715
Roberts,Sutton,20134
Kim,Skylar,22149
Green,Amaya,29619
Moreno,Skylar,48841
Howell,Catalina,43414
Gordon,Charlotte,25642
Hawkins,Aubrey,20134
Burns,Lyla,33314
Anderson,Genesis,43414
Dixon,Alina,19333
Wilson,Mia,19333
Ellis,Arya,38592
Salazar,Layla,33314
Cooper,Amara,26396
Morales,Leilani,33314
Crawford,Amy,22149
Gilbert,Jasmine,36386
Hughes,Leah,22149
Duncan,Reese,21630
Hansen,Elise,34308
Hansen,Freya,21630
Walker,Norah,25642
Rice,Emerson,32348
Bradley,Gemma,21630
Garza,Vivian,48841
Fisher,Lila,24948
Greene,Sawyer,44737
Edwards,Isla,48841
Vasquez,Skylar,31411
Herrera,Aaliyah,19863
Sanchez,Margot,25642
Ford,Natalie,54949
Black,June,23715
Payne,Samantha,51805
Watson,Alexandra,20761
Hayes,Khloe,27131
Bailey,Mia,25642
Lewis,Vivian,21630
Jones,Isla,39745
Dunn,Sutton,20134
Flores,Willow,21197
Franklin,Sarah,38592
Knight,Norah,22149
Sanchez,Oakley,19333
Morales,Esther,34308
Taylor,Emersyn,20761
Nguyen,Layla,20134
Guzman,Stella,25642
Martinez,Rylee,40931
Vasquez,River,19863
Schmidt,Lilah,25642
Edwards,Alaina,32348
Kim,Ryleigh,44737
Fernandez,Kaylee,33314
Jordan,Callie,33314
Diaz,Elliana,22149
Davis,Elizabeth,51805
Riley,Amaya,19863
Gardner,Caroline,21197
Kelly,Journee,19333
Ford,Chloe,43414
Carr,Violet,24285
Howell,Elsie,35333
Jenkins,Aliyah,19333
Collins,Juniper,19863
Rodriguez,Maria,19333
Collins,Ariel,37474
Cook,Victoria,28762
Cooper,Emilia,34308
Ferguson,Ximena,20134
Cruz,Elsie,27131
Alexander,Mila,22149
Hayes,Evelyn,30502
Franklin,Serenity,35333
Grant,Arya,35333
Garcia,Freya,20761
Martinez,Taylor,30502
Munoz,Willow,20134
Griffin,Aspen,23715
Wilson,Finley,42155
Dunn,Ariel,19333
Williams,Amelia,20134
Jackson,Eliana,28762
Simmons,Aurora,65578
Moreno,Lillian,21630
Guzman,Sofia,65578
Castro,Ryleigh,35333
Bradley,Callie,30502
Herrera,Kennedy,19863
Adams,Alice,22149
Scott,Alina,23715
Anderson,Margot,58284
Holmes,Mackenzie,22149
Bailey,Ruby,23144
Wallace,Ashley,26396
Rice,Margaret,30502
Dixon,Ember,20400
Austin,Sadie,23715
Murray,Evangeline,19578
Grant,Isabelle,51805
Stevens,Annie,22149
Anderson,Everleigh,20134
Cox,Evelyn,19863
Martin,Lucia,25642
Ford,Charlotte,22149
Cunningham,Journee,20761
Murray,Kaia,39745
Foster,Nevaeh,26396
Moreno,Hannah,25642
Price,Alexandra,46047
Guzman,Octavia,34308
Ramirez,Callie,27131
Hudson,Maria,35333
Ray,Zoe,19333
Gray,Elliana,38592
Hicks,Amelia,25642
Foster,Sophie,23144
Wright,Harmony,30502
Gordon,Leah,19863
Taylor,Callie,22149
Wilson,Ember,56592
Hudson,Callie,21197
Fernandez,Caroline,23715
Cox,Rowan,33314
Schmidt,Isabella,63673
Wood,Leila,24285
Reynolds,Ellie,19863
Cooper,Madison,33314
Bradley,Allison,20134
Jimenez,Aurora,40931
Holmes,Lucia,46047
Brown,Rachel,30502
Black,Ember,60027
Russell,Morgan,26396
Elliott,Aubrey,19578
Knight,Mary,34308
Berry,Serenity,54949
Gardner,London,26396
Parker,Londyn,28762
Porter,Zoey,20400
Bradley,Reagan,21197
Gray,Claire,23715
Kelley,Harper,32348
Barnes,Charlotte,19578
Richards,Gracie,51805
Perez,Myla,20400
Boyd,Rose,27131
Lopez,Piper,34308
Wells,Hannah,20761
Howell,Aliyah,35333
Jimenez,Savannah,19863
Kennedy,Allison,25642
Tucker,Everly,28762
Ryan,Lydia,25642
Flores,Khloe,39745
Smith,Autumn,32348
Nichols,Josie,20400
Ramirez,Josephine,28762
Obrien,Zoey,27929
Wallace,June,19578
Jordan,Molly,35333
Kelley,Luna,43414
Turner,Penelope,27131
Wood,Paisley,22149
Bailey,Mila,39745
Butler,Oaklynn,47423
Chavez,Juliette,47423
Dunn,Grace,36386
Webb,Kaia,23715
Wheeler,Kylie,48841
Rose,Alina,34308
Andrews,Brianna,47423
Owens,Laila,58284
Hayes,Amira,27131
Nichols,London,53353
Parker,Kehlani,19333
Willis,Amy,20134
Duncan,Faith,22149
Campbell,Grace,28762
Marshall,Rachel,40931
Russell,Harlow,37474
Webb,Oakley,33314
Pierce,Ximena,24948
Moreno,Lydia,22149
Robertson,Reese,56592
Carroll,Emerson,43414
Fisher,Molly,26396
Gonzalez,Magnolia,23715
Harvey,Adelyn,27929
Dean,Mila,20134
Harris,Melody,31411
Meyer,Natalie,30502
Perry,Margot,24948
Mendoza,Lyla,42155
Lawrence,Piper,34308
Tran,Nevaeh,29619
Richards,Mariana,19578
Hansen,Alana,19578
Guzman,Eleanor,26396
Mendoza,Elena,19333
Dixon,Myla,58284
West,Bailey,32348
Taylor,Jasmine,31411
Hudson,Elsie,33314
Cruz,Callie,29619
Campbell,Olivia,22149
Chapman,Paisley,20400
Grant,Natalia,22149
Carr,Noelle,42155
Brown,Phoebe,22662
Hill,Ivy,23715
Cole,Madelyn,25642
Hart,Sophia,33314
Lawson,Alaina,23715
Gilbert,Isabelle,46047
Gardner,Kaia,21630
Watkins,Brooklyn,28762
Jenkins,Melanie,56592
Watson,Taylor,63673
Thompson,Catalina,20400
Oliver,Juniper,34308
Brooks,Ivy,44737
Dixon,Gracie,26396
Jensen,Hadley,32348
Rivera,Sadie,20761
Black,Josephine,31411
Evans,Mary,27131
Sanders,Valeria,46047
Payne,Ellie,30502
Salazar,Aliyah,23715
Matthews,Sloane,46047
Washington,Ruth,19578
Howell,Sutton,19863
Aguilar,Callie,21630
Gonzalez,Rowan,20761
Peters,Aurora,19333
Hughes,Alaina,36386
Reed,Mary,44737
Rose,Madison,33314
Daniels,Emilia,58284
Ramirez,Victoria,40931
Ryan,Camila,19333
Webb,Ruby,23144
Turner,Adalynn,39745
Olson,Amira,28762
Mitchell,Annie,27131
Medina,Penelope,27131
Willis,Maria,27131
Hart,Journee,36386
Henry,Ella,21197
Carlson,Adeline,19333
Herrera,Margaret,21630
Moore,Molly,33314
Murray,Gemma,23144
Anderson,Andrea,19333
Grant,Ayla,47423
Diaz,Quinn,51805
Turner,Maeve,20134
Guzman,Emily,24948
Hamilton,Emery,47423
Riley,Rowan,26396
Morgan,Melody,21197
Jones,Genevieve,19863
Perry,Amira,42155
Harrison,Alana,24285
Stephens,Genevieve,42155
Andrews,Amaya,37474
Peters,Brianna,33314
Stone,Willow,51805
Johnson,Adelyn,26396
Bradley,Noelle,39745
Kim,Hadley,22149
Marshall,Allison,27929
Olson,Annie,50300
Lane,Sadie,28762
Miller,Claire,25642
Jones,Ember,22662
Thompson,Camila,20400
Ellis,Katherine,21630
Lee,Samantha,56592
Crawford,Arabella,20761
Mills,Stella,34308
Garza,Adalynn,33314
Richardson,Kimberly,23144
Peterson,Ximena,20761
Nelson,Ariana,21630
Jackson,Chloe,20400
Rice,Eleanor,54949
Gomez,London,20134
Ramirez,Paisley,20400
Patterson,Gianna,20134
Howard,Elena,39745
Larson,Arabella,19578
Gonzalez,Jordyn,30502
Wells,Josephine,58284
Russell,Kennedy,19578
Richardson,Sophie,19578
Mason,Zoey,37474
Miller,Gabriella,20400
Moreno,Skylar,44737
Stevens,Adelyn,19863
Martinez,Naomi,34308
Simmons,Kaylee,39745
Webb,Ryleigh,19863
Silva,Oaklynn,19863
Castro,Ariana,33314
Hamilton,Eliana,30502
Reed,Mia,37474
Wright,Serenity,27929
Aguilar,Eleanor,24285
Meyer,Allison,31411
Brown,Everly,20400
Ruiz,Faith,23144
Young,Parker,22149
Morrison,Riley,21630
Thompson,Gianna,29619
Dixon,Sawyer,30502
Gonzalez,Raelynn,30502
Peterson,Elena,19578
Stewart,Margaret,26396
Mills,Ariana,19333
Long,Diana,27929
Stewart,Clara,32348
Cunningham,Angela,20134
Chapman,Ellie,19333
Knight,Callie,24285
Rose,River,26396
Henderson,Liliana,44737
White,Molly,43414
Gardner,Gemma,24285
Munoz,Elizabeth,19333
Armstrong,Sydney,20134
Arnold,Marley,20400
Gomez,Vera,30502
Gibson,Isabelle,34308
Ellis,Kaia,20761
Kim,Leah,24948
Gomez,Aubrey,20134
Peterson,Angela,28762
Kelly,Ella,30502
Hernandez,Jordyn,48841
Warren,Hailey,32348
Bell,Octavia,39745
Palmer,Nora,20134
Willis,Chloe,36386
Parker,Valentina,20400
Gonzales,Marley,36386
Cole,Amara,42155
Robinson,Willow,19863
Ramos,Jordyn,24285
Perkins,Athena,31411
Aguilar,Elsie,22149
Reyes,Peyton,19333
Daniels,Angela,54949
Mcdonald,Abigail,47423
Marshall,Serenity,27131
Castillo,Isabella,20761
Salazar,Faith,44737
Howell,Ivy,37474
Ramos,Sienna,61823
Thompson,Brooklyn,22662
Gordon,Melody,23715
Mitchell,Gianna,27929
Robertson,Rylee,22149
Vargas,Laila,20134
Obrien,Mila,32348
West,Delilah,43414
Rivera,Magnolia,24948
Wallace,Valerie,20400
Vargas,Genesis,27929
Guzman,Faith,24285
Carr,Eva,31411
Nguyen,Ryleigh,19333
Cunningham,Grace,19863
Moore,Harper,25642
Nichols,Aaliyah,36386
Mason,Nora,43414
Ruiz,Summer,20400
Cooper,Blakely,40931
Cook,Octavia,28762
Henderson,Layla,20400
Ray,Reagan,27929
Wallace,Alina,24948
Henry,Freya,23144
Ward,Brooklyn,29619
Peterson,Margot,34308
Stevens,Annie,21197
Jacobs,Kehlani,23144
Simmons,Ella,32348
Reed,Amaya,37474
Campbell,Oaklynn,37474
Gibson,Aaliyah,58284
Gray,Summer,30502
Salazar,Juliette,22149
Olson,Harlow,23144
Watkins,Elise,39745
Collins,Anna,25642
Andrews,Gracie,25642
Patterson,Stella,22149
Young,Sadie,30502
Harper,Ashley,40931
Hart,Adelyn,32348
Porter,Jordyn,37474
Roberts,Zoe,22149
Murray,Elise,37474
Bennett,Ashley,20400
Rivera,Zara,40931
Howard,Diana,20134
Ramirez,Lillian,38592
Gomez,Ada,20761
Montgomery,Anna,19863
Silva,Aspen,54949
Munoz,Kehlani,27131
Gutierrez,Eliza,38592
Brooks,Maeve,39745
Diaz,Ayla,26396
Ramirez,Cora,38592
Kim,Emma,25642
Castillo,Aaliyah,47423
Torres,Aurora,32348
Johnson,Juniper,22149
Salazar,Molly,27131
Harris,Freya,34308
Taylor,Isabel,19333
Russell,Josie,27929
Duncan,Valerie,53353
Marshall,Grace,19333
Jimenez,Sophia,26396
Lawson,Naomi,26396
Hill,Arabella,44737
Henry,Adalyn,19333
Taylor,Ariel,19333
Bennett,Jasmine,42155
Howard,Isla,27929
Stevens,Sofia,38592
Dixon,Kylie,38592
Obrien,Skylar,42155
Dixon,Phoebe,58284
Murray,Adeline,26396
Peters,Piper,48841
Cox,Ariel,27131
Chavez,Melanie,33314
Carr,Noelle,19333
Kennedy,Amara,20400
Berry,Avery,46047
Patel,Addison,46047
Obrien,Taylor,56592
Willis,Ana,37474
Armstrong,Zuri,28762
Rice,Annie,20761
Gilbert,Gabriella,24948
Olson,Brooklyn,19578
Nichols,Natalie,22662
Morales,Skylar,25642
Watkins,Sophia,22662
Holmes,Rachel,19333
Larson,Autumn,30502
Taylor,Gracie,20400
Green,Nyla,31411
Hunt,Cora,21197
Russell,Rowan,25642
Washington,Abigail,26396
Duncan,Eliana,25642
Castillo,Ariel,22149
Russell,Taylor,20761
Gibson,Lilah,21630
Vasquez,Kamila,40931
Carlson,Millie,27131
Payne,Freya,42155
Ray,Katherine,25642
Price,Callie,54949
Davis,Alexandra,37474
Wright,Iris,22149
Edwards,Skylar,50300
Wright,Sage,37474
Weaver,Isabella,20761
Nelson,Arya,37474
Rose,Vivian,19863
Mason,Catalina,23715
Patterson,Angela,44737
Meyer,Aspen,42155
Nguyen,Eloise,30502
Hoffman,Ivy,22662
Jones,Juliette,39745
Graham,Valentina,42155
Carter,Charlotte,44737
Fisher,Paisley,27929
Myers,Victoria,25642
Perez,Camila,32348
Martin,Kimberly,43414
Gordon,Kaylee,22149
Flores,Marley,30502
Ward,Victoria,20134
Rice,Jade,38592
Scott,Alana,39745
Lynch,Scarlett,50300
Bradley,Freya,32348
Howell,Hailey,26396
Lawrence,Reagan,33314
Hudson,Juliana,23144
Powell,Sienna,35333
Green,Nyla,36386
Jimenez,Anna,43414
Mitchell,Caroline,19863
Medina,Kaia,44737
Morgan,Athena,22662
Garcia,Octavia,42155
Herrera,Penelope,43414
Sanchez,Elsie,37474
Stewart,Maeve,27929
Castillo,Ava,46047
Hicks,Remi,39745
Jackson,Sadie,21630
Hansen,Georgia,28762
Young,Rachel,46047
Fox,Violet,20761
Myers,Octavia,22149
Coleman,River,20761
Duncan,June,37474
Elliott,Margaret,31411
Morris,Natalie,22662
Hall,Amaya,21197
West,Charlie,22149
Diaz,Camila,28762
Davis,Skylar,27131
Sullivan,Emery,43414
Sanders,Aaliyah,23144
Daniels,Margot,29619
Lopez,Noelle,48841
Romero,Quinn,29619
Cruz,Paisley,38592
Chapman,Myla,27131
Daniels,Olivia,46047
Carroll,Molly,21630
Vargas,Julia,40931
Howard,Juliana,19863
Robertson,Eden,40931
Medina,Isla,33314
Anderson,Kaia,37474
Romero,Alaina,29619
Guzman,Mia,19333
Williamson,Kylie,21197
Sanchez,Jasmine,31411
Reyes,Ava,56592
Graham,Brynlee,34308
Palmer,Alaina,36386
Oliver,Oaklynn,19333
Wallace,Khloe,19578
Coleman,Aliyah,51805
Walker,Lily,35333
Fernandez,Madison,22662
Carlson,Juniper,23715
Murray,Ada,36386
Grant,Maria,21197
Franklin,Emma,22662
Martinez,Isabel,20400
Green,Raelynn,19863
Holmes,Luna,19333
Green,Sienna,37474
Lee,Khloe,51805
Stevens,Annie,24948
Williamson,Reagan,20400
Torres,Molly,22662
Rice,Claire,22662
Patel,Hadley,33314
Williams,Myla,56592
Salazar,Lilah,61823
Williamson,Presley,21197
Foster,Madeline,40931
Anderson,Lily,43414
Knight,Anastasia,58284
Harrison,Elizabeth,60027
Oliver,Reese,34308
Barnes,Sloane,35333
Larson,Kehlani,36386
Carpenter,Kehlani,35333
Daniels,Evangeline,44737
Washington,Hailey,20134
Hill,Caroline,24285
Gilbert,Emilia,39745
Guzman,London,23144
Johnston,Sutton,19863
Alexander,Paisley,27131
Perez,Valeria,39745
Hunter,Myla,42155
Allen,Ada,19863
Kennedy,Alaina,29619
George,Nevaeh,24948
Rose,Piper,46047
Brooks,Clara,38592
Freeman,Alyssa,29619
Hill,Raelynn,33314
Schmidt,Elsie,30502
Scott,Aubree,44737
Moore,Violet,22149
Porter,Emersyn,20400
White,Josephine,24285
Meyer,Emersyn,39745
Payne,Madison,19863
Torres,Isla,20761
Salazar,Presley,21630
Reyes,Jordyn,24948
Fisher,Melanie,37474
Moreno,Diana,35333
Hughes,Leila,37474
Bennett,Emilia,21630
Lee,Lillian,21630
Patterson,Ayla,28762
Myers,Cora,38592
Salazar,Oakley,35333
Young,Diana,42155
Holmes,Maya,54949
Morris,Everly,34308
Alvarez,Sienna,34308
Schmidt,Zoey,39745
Roberts,Aria,31411
Romero,Luna,43414
Rogers,London,44737
Ramos,Parker,40931
Dixon,Vivian,29619
Hernandez,Nova,26396
Daniels,Sadie,30502
Davis,Hailey,21630
Castro,Faith,44737
Obrien,Zuri,35333
Rice,Daisy,27929
Franklin,Alyssa,20400
Jackson,Emersyn,34308
Owens,Ariana,29619
Carlson,Cecilia,47423
Evans,Ellie,22149
Owens,Harlow,24948
Willis,Lilah,23144
Matthews,Everleigh,50300
Carpenter,Amy,24948
Gilbert,Emersyn,19333
Morrison,Alina,29619
Mitchell,Eloise,26396
Dunn,Amira,43414
Williamson,Faith,23715
Walker,Noelle,29619
Hernandez,Evelyn,25642
George,Diana,23144
Spencer,Kehlani,22662
King,Rachel,23144
Butler,Delilah,32348
Jordan,Raelynn,22149
Bailey,Georgia,35333
Dixon,Olivia,44737
Tucker,Oakley,33314
Obrien,Harlow,63673
Weaver,Alani,32348
Castro,Rylee,35333
Murphy,Arya,20134
Price,Vivian,46047
Fox,Anna,35333
Cunningham,Ariella,21197
Green,Genevieve,19863
Howard,Eliza,27131
Guzman,Maeve,20400
Smith,Presley,24285
Bell,Eva,25642
Weaver,Aurora,40931
Hoffman,Alani,48841
Bailey,Aaliyah,24285
Wilson,Journee,24948
Hunter,Oaklynn,33314
Watkins,Ayla,43414
Hayes,Nova,20134
Arnold,Lily,37474
Martin,Mila,32348
Hill,Ember,20761
Murphy,Sawyer,29619
Carroll,Rylee,34308
Nichols,Maeve,21197
Ray,Samantha,29619
Kelly,Valentina,24285
Carr,Ruby,46047